{
  "project_info": {
    "project_number": "319466083877",
    "project_id": "food-delivery-app-3b100",
    "storage_bucket": "food-delivery-app-3b100.appspot.com"
  },
  "client": [
    {
      "client_info": {
        "mobilesdk_app_id": "1:319466083877:android:d94aba8d40c4f45e4451cc",
        "android_client_info": {
          "package_name": "com.aman_lovepreet.fooddeliveryapp"
        }
      },
      "oauth_client": [
        {
          "client_id": "319466083877-4cdnl01r8q8p84nqgtcp42tv8cn0dq12.apps.googleusercontent.com",
          "client_type": 3
        }
      ],
      "api_key": [
        {
          "current_key": "AIzaSyCAk9_sFJuzX9yvurnzKJNyDOn9-782MIg"
        }
      ],
      "services": {
        "appinvite_service": {
          "other_platform_oauth_client": [
            {
              "client_id": "319466083877-4cdnl01r8q8p84nqgtcp42tv8cn0dq12.apps.googleusercontent.com",
              "client_type": 3
            }
          ]
        }
      }
    }
  ],
  "configuration_version": "1"
}